X,Y,fid,OBJECTID,Join_Count,TARGET_FID,F_id,label,comment,easting,northing,lat,long,notation,area_label,subarea_label,samplingPointStatus_label,samplingPointType_label,CaBA_Partnership,CaBA_Website,CaBA_ID,CaBA_Catchment,EA_NE_Area,WFD_RBD,EA_WM_Area,X,Y,Shape__Area_2,Shape__Length_2,samplingPointType_GroupLabel,icon_url
-1.18812788376885,51.7031403294783,"1","7671","1","7671",http://environment.data.gov.uk/water-quality/id/sampling-point/TH-PTAE0079,TOOT BALDON H/S STW,TOOT BALDON H/S STW,"456200","200800",51.70313,-1.18814,TH-PTAE0079,West Thames,L&W NORTH - WT,open,SEWAGE DISCHARGES - FINAL/TREATED EFFLUENT - NOT WATER COMPANY,River Thame Catchment Partnership,https://riverthame.org/thame-partnership/,"84",Thame,Thames,Thames,West Thames,-0.928201297690422,51.7671178245286,682159949.97995,158742.332635635,SEWAGE DISCHARGES - NOT WATER COMPANY,./0.png
-1.16821684404463,51.6841187579998,"2","7910","1","7910",http://environment.data.gov.uk/water-quality/id/sampling-point/TH-PTAR0002,BALDON BROOK ABOVE RIVER THAME,BALDON BROOK ABOVE RIVER THAME,"457600","198700",51.684109,-1.168229,TH-PTAR0002,West Thames,L&W NORTH - WT,open,FRESHWATER - RIVERS,River Thame Catchment Partnership,https://riverthame.org/thame-partnership/,"84",Thame,Thames,Thames,West Thames,-0.928201297690422,51.7671178245286,682159949.97995,158742.332635635,FRESHWATER,./0.png
-1.16481024684926,51.6813701452211,"3","10508","1","10508",http://environment.data.gov.uk/water-quality/id/sampling-point/TH-PTAE0315,"MARYLANDS GREEN STW, CHISELHAMPTON","MARYLANDS GREEN STW, CHISELHAMPTON","457839","198397",51.68136,-1.164823,TH-PTAE0315,West Thames,L&W NORTH - WT,open,SEWAGE DISCHARGES - FINAL/TREATED EFFLUENT - NOT WATER COMPANY,River Thame Catchment Partnership,https://riverthame.org/thame-partnership/,"84",Thame,Thames,Thames,West Thames,-0.928201297690422,51.7671178245286,682159949.97995,158742.332635635,SEWAGE DISCHARGES - NOT WATER COMPANY,./0.png
-0.846278589379434,51.8297612129976,"4","7477","1","7477",http://environment.data.gov.uk/water-quality/id/sampling-point/TH-PTAR0028,"THAME AT STONE BRIDGE, AYLESBURY","THAME AT STONE BRIDGE, AYLESBURY","479600","215200",51.829748,-0.846294,TH-PTAR0028,West Thames,L&W NORTH - WT,open,FRESHWATER - RIVERS,River Thame Catchment Partnership,https://riverthame.org/thame-partnership/,"84",Thame,Thames,Thames,West Thames,-0.928201297690422,51.7671178245286,682159949.97995,158742.332635635,FRESHWATER,./0.png
-0.855077941477627,51.8267001057889,"5","7480","1","7480",http://environment.data.gov.uk/water-quality/id/sampling-point/TH-PTAE0009,AYLESBURY STW ( 900MM OUTLET ),AYLESBURY STW ( 900MM OUTLET ),"478999","214850",51.826687,-0.855093,TH-PTAE0009,West Thames,L&W NORTH - WT,open,SEWAGE DISCHARGES - FINAL/TREATED EFFLUENT - WATER COMPANY,River Thame Catchment Partnership,https://riverthame.org/thame-partnership/,"84",Thame,Thames,Thames,West Thames,-0.928201297690422,51.7671178245286,682159949.97995,158742.332635635,SEWAGE DISCHARGES - WATER COMPANY,./0.png
-0.875235582002464,51.8149807509762,"6","7483","1","7483",http://environment.data.gov.uk/water-quality/id/sampling-point/TH-PTAR0020,THAME ABOVE EYTHROPE LAKE,THAME ABOVE EYTHROPE LAKE,"477630","213525",51.814968,-0.87525,TH-PTAR0020,West Thames,L&W NORTH - WT,open,FRESHWATER - RIVERS,River Thame Catchment Partnership,https://riverthame.org/thame-partnership/,"84",Thame,Thames,Thames,West Thames,-0.928201297690422,51.7671178245286,682159949.97995,158742.332635635,FRESHWATER,./0.png
-0.959672081204779,51.7579870353217,"7","7583","1","7583",http://environment.data.gov.uk/water-quality/id/sampling-point/TH-PTAR0034,SCOTSGROVE BROOK AT SCOTSGROVE MILL,SCOTSGROVE BROOK AT SCOTSGROVE MILL,"471900","207100",51.757975,-0.959687,TH-PTAR0034,West Thames,L&W NORTH - WT,open,FRESHWATER - RIVERS,River Thame Catchment Partnership,https://riverthame.org/thame-partnership/,"84",Thame,Thames,Thames,West Thames,-0.928201297690422,51.7671178245286,682159949.97995,158742.332635635,FRESHWATER,./0.png
-0.912530141198478,51.7632338721711,"8","7697","1","7697",http://environment.data.gov.uk/water-quality/id/sampling-point/TH-PTAR0032,SCOTSGROVE BROOK ABOVE HADDENHAM STW,SCOTSGROVE BROOK ABOVE HADDENHAM STW,"475145","207731",51.763222,-0.912545,TH-PTAR0032,West Thames,L&W NORTH - WT,open,FRESHWATER - RIVERS,River Thame Catchment Partnership,https://riverthame.org/thame-partnership/,"84",Thame,Thames,Thames,West Thames,-0.928201297690422,51.7671178245286,682159949.97995,158742.332635635,FRESHWATER,./0.png
-0.944603291127143,51.7959409195493,"9","7749","1","7749",http://environment.data.gov.uk/water-quality/id/sampling-point/TH-PTAR0021,THAME AT CUDDINGTON BRIDGE,THAME AT CUDDINGTON BRIDGE,"472879","211336",51.795929,-0.944617,TH-PTAR0021,West Thames,L&W NORTH - WT,open,FRESHWATER - RIVERS,River Thame Catchment Partnership,https://riverthame.org/thame-partnership/,"84",Thame,Thames,Thames,West Thames,-0.928201297690422,51.7671178245286,682159949.97995,158742.332635635,FRESHWATER,./0.png
-0.986954103598822,51.7690154078061,"10","7979","1","7979",http://environment.data.gov.uk/water-quality/id/sampling-point/TH-PTAE0049,LONG CRENDON STW,LONG CRENDON STW,"470000","208300",51.769003,-0.986968,TH-PTAE0049,West Thames,L&W NORTH - WT,open,SEWAGE DISCHARGES - FINAL/TREATED EFFLUENT - WATER COMPANY,River Thame Catchment Partnership,https://riverthame.org/thame-partnership/,"84",Thame,Thames,Thames,West Thames,-0.928201297690422,51.7671178245286,682159949.97995,158742.332635635,SEWAGE DISCHARGES - WATER COMPANY,./0.png
-0.860923129459202,51.8245089366591,"11","8017","1","8017",http://environment.data.gov.uk/water-quality/id/sampling-point/TH-PTAR0003,BEAR BROOK ABOVE RIVER THAME,BEAR BROOK ABOVE RIVER THAME,"478600","214600",51.824496,-0.860938,TH-PTAR0003,West Thames,L&W NORTH - WT,open,FRESHWATER - RIVERS,River Thame Catchment Partnership,https://riverthame.org/thame-partnership/,"84",Thame,Thames,Thames,West Thames,-0.928201297690422,51.7671178245286,682159949.97995,158742.332635635,FRESHWATER,./0.png
-0.863011735643017,51.8331878608673,"12","8034","1","8034",http://environment.data.gov.uk/water-quality/id/sampling-point/TH-PTAR0007,FLEET MARSTON BROOK ABOVE RIVER THAME,FLEET MARSTON BROOK ABOVE RIVER THAME,"478441","215563",51.833175,-0.863027,TH-PTAR0007,West Thames,L&W NORTH - WT,open,FRESHWATER - RIVERS,River Thame Catchment Partnership,https://riverthame.org/thame-partnership/,"84",Thame,Thames,Thames,West Thames,-0.928201297690422,51.7671178245286,682159949.97995,158742.332635635,FRESHWATER,./0.png
-0.921829308170728,51.7609547068979,"13","8047","1","8047",http://environment.data.gov.uk/water-quality/id/sampling-point/TH-PTAE0036,HADDENHAM STW,HADDENHAM STW,"474507","207468",51.760943,-0.921844,TH-PTAE0036,West Thames,L&W NORTH - WT,open,SEWAGE DISCHARGES - FINAL/TREATED EFFLUENT - WATER COMPANY,River Thame Catchment Partnership,https://riverthame.org/thame-partnership/,"84",Thame,Thames,Thames,West Thames,-0.928201297690422,51.7671178245286,682159949.97995,158742.332635635,SEWAGE DISCHARGES - WATER COMPANY,./0.png
-0.869076716181647,51.7886212429905,"14","8100","1","8100",http://environment.data.gov.uk/water-quality/id/sampling-point/TH-PTAE0071,STONE STW,STONE STW,"478100","210600",51.788609,-0.869092,TH-PTAE0071,West Thames,L&W NORTH - WT,open,SEWAGE DISCHARGES - FINAL/TREATED EFFLUENT - WATER COMPANY,River Thame Catchment Partnership,https://riverthame.org/thame-partnership/,"84",Thame,Thames,Thames,West Thames,-0.928201297690422,51.7671178245286,682159949.97995,158742.332635635,SEWAGE DISCHARGES - WATER COMPANY,./0.png
-0.974286929585609,51.7581784999826,"15","8201","1","8201",http://environment.data.gov.uk/water-quality/id/sampling-point/TH-PTAR0033,SCOTSGROVE BROOK ABOVE RIVER THAME,SCOTSGROVE BROOK ABOVE RIVER THAME,"470891","207107",51.758167,-0.974301,TH-PTAR0033,West Thames,L&W NORTH - WT,open,FRESHWATER - RIVERS,River Thame Catchment Partnership,https://riverthame.org/thame-partnership/,"84",Thame,Thames,Thames,West Thames,-0.928201297690422,51.7671178245286,682159949.97995,158742.332635635,FRESHWATER,./0.png
-0.973804997841043,51.7577067275048,"16","8209","1","8209",http://environment.data.gov.uk/water-quality/id/sampling-point/TH-PTAR0112,LASHLAKE STREAM ABOVE SCOTSGROVE BROOK,LASHLAKE STREAM ABOVE SCOTSGROVE BROOK,"470925","207055",51.757695,-0.97382,TH-PTAR0112,West Thames,L&W NORTH - WT,open,FRESHWATER - RIVERS,River Thame Catchment Partnership,https://riverthame.org/thame-partnership/,"84",Thame,Thames,Thames,West Thames,-0.928201297690422,51.7671178245286,682159949.97995,158742.332635635,FRESHWATER,./0.png
-0.931131027753069,51.8008903823111,"17","8277","1","8277",http://environment.data.gov.uk/water-quality/id/sampling-point/TH-PTAE0021,CUDDINGTON STW,CUDDINGTON STW,"473800","211900",51.800878,-0.931145,TH-PTAE0021,West Thames,L&W NORTH - WT,open,SEWAGE DISCHARGES - FINAL/TREATED EFFLUENT - WATER COMPANY,River Thame Catchment Partnership,https://riverthame.org/thame-partnership/,"84",Thame,Thames,Thames,West Thames,-0.928201297690422,51.7671178245286,682159949.97995,158742.332635635,SEWAGE DISCHARGES - WATER COMPANY,./0.png
-0.924796839699371,51.8233113569002,"18","8379","1","8379",http://environment.data.gov.uk/water-quality/id/sampling-point/TH-PTAE0085,UPPER WINCHENDEN STW,UPPER WINCHENDEN STW,"474200","214400",51.823299,-0.924811,TH-PTAE0085,West Thames,L&W NORTH - WT,open,SEWAGE DISCHARGES - FINAL/TREATED EFFLUENT - WATER COMPANY,River Thame Catchment Partnership,https://riverthame.org/thame-partnership/,"84",Thame,Thames,Thames,West Thames,-0.928201297690422,51.7671178245286,682159949.97995,158742.332635635,SEWAGE DISCHARGES - WATER COMPANY,./0.png
-0.96921278077867,51.7844164866667,"19","10074","1","10074",http://environment.data.gov.uk/water-quality/id/sampling-point/TH-PTAR0048,"CHEARSLEY BROOK ABOVE THAME, CHEARSLEY","CHEARSLEY BROOK ABOVE THAME, CHEARSLEY","471200","210030",51.784404,-0.969227,TH-PTAR0048,West Thames,L&W NORTH - WT,open,FRESHWATER - UNSPECIFIED,River Thame Catchment Partnership,https://riverthame.org/thame-partnership/,"84",Thame,Thames,Thames,West Thames,-0.928201297690422,51.7671178245286,682159949.97995,158742.332635635,FRESHWATER,./0.png
-0.836555887622826,51.8314368348895,"20","10075","1","10075",http://environment.data.gov.uk/water-quality/id/sampling-point/TH-PTAR0189,THAME ABOVE HARDWICK BROOK,THAME ABOVE HARDWICK BROOK,"480267","215397",51.831423,-0.836571,TH-PTAR0189,West Thames,L&W NORTH - WT,open,FRESHWATER - UNSPECIFIED,River Thame Catchment Partnership,https://riverthame.org/thame-partnership/,"84",Thame,Thames,Thames,West Thames,-0.928201297690422,51.7671178245286,682159949.97995,158742.332635635,FRESHWATER,./0.png
-0.860895910041267,51.8255876440357,"21","10391","1","10391",http://environment.data.gov.uk/water-quality/id/sampling-point/TH-PTAR0072,THAME BELOW AYLESBURY STW,THAME BELOW AYLESBURY STW,"478600","214720",51.825574,-0.860911,TH-PTAR0072,West Thames,L&W NORTH - WT,open,FRESHWATER - UNSPECIFIED,River Thame Catchment Partnership,https://riverthame.org/thame-partnership/,"84",Thame,Thames,Thames,West Thames,-0.928201297690422,51.7671178245286,682159949.97995,158742.332635635,FRESHWATER,./0.png
-0.863546596207144,51.8246241998949,"22","11189","1","11189",http://environment.data.gov.uk/water-quality/id/sampling-point/TH-RSN0514,M US RIVER THAME,RSN0514 50M US RIVER THAME,"478419","214610",51.824611,-0.863562,TH-RSN0514,West Thames,L&W NORTH - WT,open,FRESHWATER - RIVERS,River Thame Catchment Partnership,https://riverthame.org/thame-partnership/,"84",Thame,Thames,Thames,West Thames,-0.928201297690422,51.7671178245286,682159949.97995,158742.332635635,FRESHWATER,./0.png
-0.838054633258106,51.8318472630546,"23","11268","1","11268",http://environment.data.gov.uk/water-quality/id/sampling-point/TH-RSN1994,U/S HARDWICK BROOK,RSN1994 U/S HARDWICK BROOK,"480163","215441",51.831834,-0.83807,TH-RSN1994,West Thames,L&W NORTH - WT,open,FRESHWATER - RIVERS,River Thame Catchment Partnership,https://riverthame.org/thame-partnership/,"84",Thame,Thames,Thames,West Thames,-0.928201297690422,51.7671178245286,682159949.97995,158742.332635635,FRESHWATER,./0.png
-0.841674135527553,51.7829597104266,"24","13064","1","13064",http://environment.data.gov.uk/water-quality/id/sampling-point/AN-MISCSP81,MISC.10KM SQ AYLESBURY..............SP81,MISC.10KM SQ AYLESBURY..............SP81,"480000","210000",51.782947,-0.841689,AN-MISCSP81,Cambridgeshire and Bedfordshire,UNKNOWN (CENTRAL),open,POLLUTION/INVESTIGATION POINTS - ENVIRONMENT,River Thame Catchment Partnership,https://riverthame.org/thame-partnership/,"84",Thame,Thames,Thames,West Thames,-0.928201297690422,51.7671178245286,682159949.97995,158742.332635635,POLLUTION/INVESTIGATION POINTS,./0.png
-0.918293636667266,51.7372921640685,"25","7546","1","7546",http://environment.data.gov.uk/water-quality/id/sampling-point/TH-PTAR0158,KINGSEY CUTTLE BROOK ABOVE ICHI BAN FISH,"KINGSEY CUTTLE BROOK ABOVE ICHI BAN FISH FARM, TOWERSEY","474790","204840",51.737281,-0.918309,TH-PTAR0158,West Thames,L&W NORTH - WT,open,FRESHWATER - COMPARATIVE INLET POINTS,River Thame Catchment Partnership,https://riverthame.org/thame-partnership/,"84",Thame,Thames,Thames,West Thames,-0.928201297690422,51.7671178245286,682159949.97995,158742.332635635,FRESHWATER,./0.png
-0.936642672571891,51.7514866320568,"26","7658","1","7658",http://environment.data.gov.uk/water-quality/id/sampling-point/TH-PTAR0017,KINGSEY CUTTLE BROOK ABOVE SCOTSGROVE BR,KINGSEY CUTTLE BROOK ABOVE SCOTSGROVE BROOK,"473500","206400",51.751475,-0.936658,TH-PTAR0017,West Thames,L&W NORTH - WT,open,FRESHWATER - RIVERS,River Thame Catchment Partnership,https://riverthame.org/thame-partnership/,"84",Thame,Thames,Thames,West Thames,-0.928201297690422,51.7671178245286,682159949.97995,158742.332635635,FRESHWATER,./0.png
-0.932342078780648,51.7495593730675,"27","7793","1","7793",http://environment.data.gov.uk/water-quality/id/sampling-point/TH-PTAR0113,TOWERSEY BROOK ABOVE KINGSEY CUTTLE BROO,TOWERSEY BROOK ABOVE KINGSEY CUTTLE BROOK,"473800","206190",51.749548,-0.932357,TH-PTAR0113,West Thames,L&W NORTH - WT,open,FRESHWATER - RIVERS,River Thame Catchment Partnership,https://riverthame.org/thame-partnership/,"84",Thame,Thames,Thames,West Thames,-0.928201297690422,51.7671178245286,682159949.97995,158742.332635635,FRESHWATER,./0.png
-0.975282741481438,51.6770195057031,"28","8068","1","8068",http://environment.data.gov.uk/water-quality/id/sampling-point/TH-PTAE0044,LEWKNOR STW,LEWKNOR STW,"470949","198080",51.67701,-0.975297,TH-PTAE0044,West Thames,L&W NORTH - WT,open,SEWAGE DISCHARGES - FINAL/TREATED EFFLUENT - WATER COMPANY,River Thame Catchment Partnership,https://riverthame.org/thame-partnership/,"84",Thame,Thames,Thames,West Thames,-0.928201297690422,51.7671178245286,682159949.97995,158742.332635635,SEWAGE DISCHARGES - WATER COMPANY,./0.png
-0.920382002333955,51.7408181160623,"29","8115","1","8115",http://environment.data.gov.uk/water-quality/id/sampling-point/TH-PTAE0151,CUTTLEBROOK KOI FARM T/E :TOWERSEY,CUTTLEBROOK KOI FARM T/E :TOWERSEY,"474640","205230",51.740807,-0.920397,TH-PTAE0151,West Thames,L&W NORTH - WT,open,AGRICULTURE - FISH FARMING - NOT WATER COMPANY,River Thame Catchment Partnership,https://riverthame.org/thame-partnership/,"84",Thame,Thames,Thames,West Thames,-0.928201297690422,51.7671178245286,682159949.97995,158742.332635635,AGRICULTURE,./0.png
-1.0098289144728,51.717058837973,"30","8130","1","8130",http://environment.data.gov.uk/water-quality/id/sampling-point/TH-PTAE0072,TETSWORTH STW,TETSWORTH STW,"468500","202500",51.717048,-1.009843,TH-PTAE0072,West Thames,L&W NORTH - WT,open,SEWAGE DISCHARGES - FINAL/TREATED EFFLUENT - WATER COMPANY,River Thame Catchment Partnership,https://riverthame.org/thame-partnership/,"84",Thame,Thames,Thames,West Thames,-0.928201297690422,51.7671178245286,682159949.97995,158742.332635635,SEWAGE DISCHARGES - WATER COMPANY,./0.png
-0.951459135785856,51.7372332277362,"31","8215","1","8215",http://environment.data.gov.uk/water-quality/id/sampling-point/TH-PTAE0104,BRITISH OXYGEN CO LTD T/E :THAME,BRITISH OXYGEN CO LTD T/E :THAME,"472500","204800",51.737222,-0.951474,TH-PTAE0104,West Thames,L&W NORTH - WT,open,TRADE DISCHARGES - PROCESS EFFLUENT - NOT WATER COMPANY,River Thame Catchment Partnership,https://riverthame.org/thame-partnership/,"84",Thame,Thames,Thames,West Thames,-0.928201297690422,51.7671178245286,682159949.97995,158742.332635635,SEWAGE DISCHARGES - NOT WATER COMPANY,./0.png
-0.933893987227278,51.7451675644474,"32","8353","1","8353",http://environment.data.gov.uk/water-quality/id/sampling-point/TH-PTAE0080,TOWERSEY STW,TOWERSEY STW,"473700","205700",51.745157,-0.933909,TH-PTAE0080,West Thames,L&W NORTH - WT,open,SEWAGE DISCHARGES - FINAL/TREATED EFFLUENT - WATER COMPANY,River Thame Catchment Partnership,https://riverthame.org/thame-partnership/,"84",Thame,Thames,Thames,West Thames,-0.928201297690422,51.7671178245286,682159949.97995,158742.332635635,SEWAGE DISCHARGES - WATER COMPANY,./0.png
-0.961089131569375,51.7277876043189,"33","9622","1","9622",http://environment.data.gov.uk/water-quality/id/sampling-point/TH-PTAE0309,THAME PARK STW :THAME,THAME PARK STW :THAME,"471850","203740",51.727777,-0.961104,TH-PTAE0309,West Thames,L&W NORTH - WT,open,SEWAGE DISCHARGES - FINAL/TREATED EFFLUENT - NOT WATER COMPANY,River Thame Catchment Partnership,https://riverthame.org/thame-partnership/,"84",Thame,Thames,Thames,West Thames,-0.928201297690422,51.7671178245286,682159949.97995,158742.332635635,SEWAGE DISCHARGES - NOT WATER COMPANY,./0.png
-0.936644050126769,51.7242599151074,"34","9708","1","9708",http://environment.data.gov.uk/water-quality/id/sampling-point/TH-PGWU2016,"CHINNOR, WATERLANDS FARM B/H","CHINNOR, WATERLANDS FARM B/H","473544","203372",51.724249,-0.936659,TH-PGWU2016,West Thames,L&W NORTH - WT,open,GROUNDWATER - BOREHOLE,River Thame Catchment Partnership,https://riverthame.org/thame-partnership/,"84",Thame,Thames,Thames,West Thames,-0.928201297690422,51.7671178245286,682159949.97995,158742.332635635,GROUNDWATER,./0.png
-0.973218905223492,51.7356270923164,"35","9905","1","9905",http://environment.data.gov.uk/water-quality/id/sampling-point/TH-PTAR0069,"CUTTLE BROOK AT B4012, THAME","CUTTLE BROOK AT B4012, THAME","471000","204600",51.735616,-0.973233,TH-PTAR0069,West Thames,L&W NORTH - WT,open,FRESHWATER - UNSPECIFIED,River Thame Catchment Partnership,https://riverthame.org/thame-partnership/,"84",Thame,Thames,Thames,West Thames,-0.928201297690422,51.7671178245286,682159949.97995,158742.332635635,FRESHWATER,./0.png
-0.953041002528266,51.7314477071476,"36","9987","1","9987",http://environment.data.gov.uk/water-quality/id/sampling-point/TH-PTAR0188,CHINNOR BROOK AT CHINNOR ROAD,CHINNOR BROOK AT CHINNOR ROAD,"472400","204155",51.731437,-0.953056,TH-PTAR0188,West Thames,L&W NORTH - WT,open,FRESHWATER - UNSPECIFIED,River Thame Catchment Partnership,https://riverthame.org/thame-partnership/,"84",Thame,Thames,Thames,West Thames,-0.928201297690422,51.7671178245286,682159949.97995,158742.332635635,FRESHWATER,./0.png
-0.928992341688526,51.7509315875045,"37","11011","1","11011",http://environment.data.gov.uk/water-quality/id/sampling-point/TH-PTAR0191,CUTTLEBROOK KOI FARM D/S,CUTTLEBROOK KOI FARM DOWNSTREAM,"474029","206346",51.75092,-0.929007,TH-PTAR0191,West Thames,L&W NORTH - WT,open,FRESHWATER - RIVERS,River Thame Catchment Partnership,https://riverthame.org/thame-partnership/,"84",Thame,Thames,Thames,West Thames,-0.928201297690422,51.7671178245286,682159949.97995,158742.332635635,FRESHWATER,./0.png
-0.948846326124359,51.7437378139523,"38","11175","1","11175",http://environment.data.gov.uk/water-quality/id/sampling-point/TH-RSN1802,80M D/S TOWERSLEY ROAD,RSN1802 80M D/S TOWERSLEY ROAD,"472670","205526",51.743727,-0.948861,TH-RSN1802,West Thames,L&W NORTH - WT,open,FRESHWATER - RIVERS,River Thame Catchment Partnership,https://riverthame.org/thame-partnership/,"84",Thame,Thames,Thames,West Thames,-0.928201297690422,51.7671178245286,682159949.97995,158742.332635635,FRESHWATER,./0.png
-0.7372878541445,51.8029355882629,"39","7414","1","7414",http://environment.data.gov.uk/water-quality/id/sampling-point/TH-PTAR0010,HALTON BROOK AT A41 ABOVE BEAR BROOK,HALTON BROOK AT A41 ABOVE BEAR BROOK,"487162","212341",51.802922,-0.737305,TH-PTAR0010,West Thames,L&W NORTH - WT,open,FRESHWATER - RIVERS,River Thame Catchment Partnership,https://riverthame.org/thame-partnership/,"84",Thame,Thames,Thames,West Thames,-0.928201297690422,51.7671178245286,682159949.97995,158742.332635635,FRESHWATER,./0.png
-0.800940805707506,51.8189139156862,"40","7437","1","7437",http://environment.data.gov.uk/water-quality/id/sampling-point/TH-PTAR0120,STOCKLAKE BROOK ABOVE BEAR BROOK,STOCKLAKE BROOK ABOVE BEAR BROOK,"482744","214044",51.8189,-0.800957,TH-PTAR0120,West Thames,L&W NORTH - WT,open,FRESHWATER - RIVERS,River Thame Catchment Partnership,https://riverthame.org/thame-partnership/,"84",Thame,Thames,Thames,West Thames,-0.928201297690422,51.7671178245286,682159949.97995,158742.332635635,FRESHWATER,./0.png
-0.835133221831209,51.8123428735867,"41","7764","1","7764",http://environment.data.gov.uk/water-quality/id/sampling-point/TH-PTAR0036,STOKE BROOK ABOVE BEAR BROOK,STOKE BROOK ABOVE BEAR BROOK,"480399","213275",51.81233,-0.835148,TH-PTAR0036,West Thames,L&W NORTH - WT,open,FRESHWATER - RIVERS,River Thame Catchment Partnership,https://riverthame.org/thame-partnership/,"84",Thame,Thames,Thames,West Thames,-0.928201297690422,51.7671178245286,682159949.97995,158742.332635635,FRESHWATER,./0.png
-0.752378680368143,51.8063605347927,"42","7971","1","7971",http://environment.data.gov.uk/water-quality/id/sampling-point/TH-PTAR0038,WENDOVER BROOK AT BROOK END,WENDOVER BROOK AT BROOK END,"486115","212704",51.806347,-0.752396,TH-PTAR0038,West Thames,L&W NORTH - WT,open,FRESHWATER - RIVERS,River Thame Catchment Partnership,https://riverthame.org/thame-partnership/,"84",Thame,Thames,Thames,West Thames,-0.928201297690422,51.7671178245286,682159949.97995,158742.332635635,FRESHWATER,./0.png
-0.737645201747563,51.8223522829403,"43","8120","1","8120",http://environment.data.gov.uk/water-quality/id/sampling-point/TH-PTAE0005,KLARGESTER LTD STW :ASTON CLINTON,KLARGESTER LTD STW :ASTON CLINTON,"487100","214500",51.822338,-0.737662,TH-PTAE0005,West Thames,L&W NORTH - WT,open,SEWAGE DISCHARGES - FINAL/TREATED EFFLUENT - NOT WATER COMPANY,River Thame Catchment Partnership,https://riverthame.org/thame-partnership/,"84",Thame,Thames,Thames,West Thames,-0.928201297690422,51.7671178245286,682159949.97995,158742.332635635,SEWAGE DISCHARGES - NOT WATER COMPANY,./0.png
-0.731274879290062,51.7908129426698,"44","8145","1","8145",http://environment.data.gov.uk/water-quality/id/sampling-point/TH-PTAE0037,RAF STW :HALTON,RAF STW :HALTON,"487600","211000",51.790799,-0.731293,TH-PTAE0037,West Thames,L&W NORTH - WT,open,SEWAGE DISCHARGES - FINAL/TREATED EFFLUENT - NOT WATER COMPANY,River Thame Catchment Partnership,https://riverthame.org/thame-partnership/,"84",Thame,Thames,Thames,West Thames,-0.928201297690422,51.7671178245286,682159949.97995,158742.332635635,SEWAGE DISCHARGES - NOT WATER COMPANY,./0.png
-0.773747506053795,51.7591624991429,"45","8888","1","8888",http://environment.data.gov.uk/water-quality/id/sampling-point/TH-PGWU1564,"ELLESBOROUGH, ELLESBOROUGH GOLF CLUB BH","ELLESBOROUGH, ELLESBOROUGH GOLF CLUB BH :SP80/33","484730","207430",51.75915,-0.773764,TH-PGWU1564,West Thames,L&W NORTH - WT,open,GROUNDWATER - BOREHOLE,River Thame Catchment Partnership,https://riverthame.org/thame-partnership/,"84",Thame,Thames,Thames,West Thames,-0.928201297690422,51.7671178245286,682159949.97995,158742.332635635,GROUNDWATER,./0.png
-0.771389846763454,51.7552713827778,"46","9473","1","9473",http://environment.data.gov.uk/water-quality/id/sampling-point/TH-PGWU1863,"AYLESBURY, HILL END FARM B/H","AYLESBURY, HILL END FARM B/H","484900","207000",51.755259,-0.771407,TH-PGWU1863,West Thames,L&W NORTH - WT,open,GROUNDWATER - BOREHOLE,River Thame Catchment Partnership,https://riverthame.org/thame-partnership/,"84",Thame,Thames,Thames,West Thames,-0.928201297690422,51.7671178245286,682159949.97995,158742.332635635,GROUNDWATER,./0.png
-0.73180412050765,51.7719358407899,"47","10006","1","10006",http://environment.data.gov.uk/water-quality/id/sampling-point/TH-PTAE0097,LOON FUNG CHINESE TAKEAWAY :HALTON,LOON FUNG CHINESE TAKEAWAY :HALTON,"487600","208900",51.771923,-0.731822,TH-PTAE0097,West Thames,L&W NORTH - WT,open,SEWAGE DISCHARGES - FINAL/TREATED EFFLUENT - NOT WATER COMPANY,River Thame Catchment Partnership,https://riverthame.org/thame-partnership/,"84",Thame,Thames,Thames,West Thames,-0.928201297690422,51.7671178245286,682159949.97995,158742.332635635,SEWAGE DISCHARGES - NOT WATER COMPANY,./0.png
-0.703748153140152,51.7718099049546,"48","10490","1","10490",http://environment.data.gov.uk/water-quality/id/sampling-point/TH-PGWE0722,CHILTERNS DOG RESCUE SOCIETY STW,"CHILTERNS DOG RESCUE SOCIETY STW, BROMLEY HEIGHTS","489536","208920",51.771797,-0.703767,TH-PGWE0722,West Thames,L&W NORTH - WT,open,SEWAGE DISCHARGES - FINAL/TREATED EFFLUENT - NOT WATER COMPANY,River Thame Catchment Partnership,https://riverthame.org/thame-partnership/,"84",Thame,Thames,Thames,West Thames,-0.928201297690422,51.7671178245286,682159949.97995,158742.332635635,SEWAGE DISCHARGES - NOT WATER COMPANY,./0.png
-0.757377368845316,51.7748793159408,"49","10497","1","10497",http://environment.data.gov.uk/water-quality/id/sampling-point/TH-PTAE0316,"GROWING FINGERS LTD STW, AYLESBURY","GROWING FINGERS LTD STW, AYLESBURY","485830","209197",51.774867,-0.757395,TH-PTAE0316,West Thames,L&W NORTH - WT,open,SEWAGE DISCHARGES - FINAL/TREATED EFFLUENT - NOT WATER COMPANY,River Thame Catchment Partnership,https://riverthame.org/thame-partnership/,"84",Thame,Thames,Thames,West Thames,-0.928201297690422,51.7671178245286,682159949.97995,158742.332635635,SEWAGE DISCHARGES - NOT WATER COMPANY,./0.png
-0.76573799208886,51.9157210888271,"50","7901","1","7901",http://environment.data.gov.uk/water-quality/id/sampling-point/TH-PTAE0068,STEWKLEY STW,STEWKLEY STW,"484988","224851",51.915706,-0.765753,TH-PTAE0068,West Thames,L&W NORTH - WT,open,SEWAGE DISCHARGES - FINAL/TREATED EFFLUENT - WATER COMPANY,River Thame Catchment Partnership,https://riverthame.org/thame-partnership/,"84",Thame,Thames,Thames,West Thames,-0.928201297690422,51.7671178245286,682159949.97995,158742.332635635,SEWAGE DISCHARGES - WATER COMPANY,./0.png
-0.770224916763111,51.8514699080653,"51","9040","1","9040",http://environment.data.gov.uk/water-quality/id/sampling-point/TH-PTAE0064,ROWSHAM STW,ROWSHAM STW,"484800","217700",51.851456,-0.770241,TH-PTAE0064,West Thames,L&W NORTH - WT,open,SEWAGE DISCHARGES - FINAL/TREATED EFFLUENT - WATER COMPANY,River Thame Catchment Partnership,https://riverthame.org/thame-partnership/,"84",Thame,Thames,Thames,West Thames,-0.928201297690422,51.7671178245286,682159949.97995,158742.332635635,SEWAGE DISCHARGES - WATER COMPANY,./0.png
-0.792742425228896,51.9106869961981,"52","9429","1","9429",http://environment.data.gov.uk/water-quality/id/sampling-point/TH-PTAE0297,7 DWELLINGS LITTLECOTE FARM STW :STEWKLE,7 DWELLINGS LITTLECOTE FARM STW :STEWKLEY,"483140","224260",51.910672,-0.792757,TH-PTAE0297,West Thames,L&W NORTH - WT,open,SEWAGE DISCHARGES - FINAL/TREATED EFFLUENT - NOT WATER COMPANY,River Thame Catchment Partnership,https://riverthame.org/thame-partnership/,"84",Thame,Thames,Thames,West Thames,-0.928201297690422,51.7671178245286,682159949.97995,158742.332635635,SEWAGE DISCHARGES - NOT WATER COMPANY,./0.png
-0.841981021658271,51.8683281941876,"53","9830","1","9830",http://environment.data.gov.uk/water-quality/id/sampling-point/TH-PTAE0312,HARDWICK AG 1 T/E :HARDWICK,HARDWICK AG 1 T/E :HARDWICK,"479828","219494",51.868314,-0.841996,TH-PTAE0312,West Thames,L&W NORTH - WT,open,TRADE DISCHARGES - PROCESS EFFLUENT - NOT WATER COMPANY,River Thame Catchment Partnership,https://riverthame.org/thame-partnership/,"84",Thame,Thames,Thames,West Thames,-0.928201297690422,51.7671178245286,682159949.97995,158742.332635635,SEWAGE DISCHARGES - NOT WATER COMPANY,./0.png
-0.789631250167427,51.9031112409135,"54","11264","1","11264",http://environment.data.gov.uk/water-quality/id/sampling-point/TH-RSN0770,GREAT OAK FARM,RSN0770 GREAT OAK FARM,"483368","223421",51.903096,-0.789646,TH-RSN0770,West Thames,L&W NORTH - WT,open,FRESHWATER - RIVERS,River Thame Catchment Partnership,https://riverthame.org/thame-partnership/,"84",Thame,Thames,Thames,West Thames,-0.928201297690422,51.7671178245286,682159949.97995,158742.332635635,FRESHWATER,./0.png
-0.839366460510862,51.872852098131,"55","20114","1","20114",http://environment.data.gov.uk/water-quality/id/sampling-point/AN-MISCSP82,MISC.10KM SQ WING...................SP82,MISC.10KM SQ WING...................SP82,"480000","220000",51.872838,-0.839381,AN-MISCSP82,Cambridgeshire and Bedfordshire,UNKNOWN (CENTRAL),open,POLLUTION/INVESTIGATION POINTS - ENVIRONMENT,River Thame Catchment Partnership,https://riverthame.org/thame-partnership/,"84",Thame,Thames,Thames,West Thames,-0.928201297690422,51.7671178245286,682159949.97995,158742.332635635,POLLUTION/INVESTIGATION POINTS,./0.png
-1.10281393944737,51.6998224223412,"56","7465","1","7465",http://environment.data.gov.uk/water-quality/id/sampling-point/TH-PTAE0046,LITTLE MILTON STW,LITTLE MILTON STW,"462100","200500",51.699812,-1.102827,TH-PTAE0046,West Thames,L&W NORTH - WT,open,SEWAGE DISCHARGES - FINAL/TREATED EFFLUENT - WATER COMPANY,River Thame Catchment Partnership,https://riverthame.org/thame-partnership/,"84",Thame,Thames,Thames,West Thames,-0.928201297690422,51.7671178245286,682159949.97995,158742.332635635,SEWAGE DISCHARGES - WATER COMPANY,./0.png
-1.06403608933355,51.7698337988278,"57","7497","1","7497",http://environment.data.gov.uk/water-quality/id/sampling-point/TH-PTAR0087,"WORMINGHALL BROOK AT ICKFORD ROAD, WORMI","WORMINGHALL BROOK AT ICKFORD ROAD, WORMINGHALL","464680","208320",51.769822,-1.06405,TH-PTAR0087,West Thames,L&W NORTH - WT,open,FRESHWATER - RIVERS,River Thame Catchment Partnership,https://riverthame.org/thame-partnership/,"84",Thame,Thames,Thames,West Thames,-0.928201297690422,51.7671178245286,682159949.97995,158742.332635635,FRESHWATER,./0.png
-1.1115122793153,51.6989893420182,"58","7506","1","7506",http://environment.data.gov.uk/water-quality/id/sampling-point/TH-PTAR0051,GAINSBRIDGE BROOK AT LITTLE MILTON,GAINSBRIDGE BROOK AT LITTLE MILTON,"461500","200400",51.698979,-1.111525,TH-PTAR0051,West Thames,L&W NORTH - WT,open,FRESHWATER - RIVERS,River Thame Catchment Partnership,https://riverthame.org/thame-partnership/,"84",Thame,Thames,Thames,West Thames,-0.928201297690422,51.7671178245286,682159949.97995,158742.332635635,FRESHWATER,./0.png
-1.04395853103601,51.75843303122,"59","7513","1","7513",http://environment.data.gov.uk/water-quality/id/sampling-point/TH-PTAR0045,SHABBINGTON BROOK AT SHABBINGTON ROADBRI,SHABBINGTON BROOK AT SHABBINGTON ROADBRIDGE,"466082","207070",51.758421,-1.043972,TH-PTAR0045,West Thames,L&W NORTH - WT,open,FRESHWATER - RIVERS,River Thame Catchment Partnership,https://riverthame.org/thame-partnership/,"84",Thame,Thames,Thames,West Thames,-0.928201297690422,51.7671178245286,682159949.97995,158742.332635635,FRESHWATER,./0.png
-1.04597835080394,51.7609041099029,"60","7582","1","7582",http://environment.data.gov.uk/water-quality/id/sampling-point/TH-PTAR0043,PEPPERSHILL BROOK AT ICKFIELD ROADBRIDGE,PEPPERSHILL BROOK AT ICKFIELD ROADBRIDGE,"465939","207343",51.760892,-1.045992,TH-PTAR0043,West Thames,L&W NORTH - WT,open,FRESHWATER - RIVERS,River Thame Catchment Partnership,https://riverthame.org/thame-partnership/,"84",Thame,Thames,Thames,West Thames,-0.928201297690422,51.7671178245286,682159949.97995,158742.332635635,FRESHWATER,./0.png
-1.11567438755866,51.7415595011007,"61","7604","1","7604",http://environment.data.gov.uk/water-quality/id/sampling-point/TH-PTAR0062,"WHEATLEY DITCH AT SUPERSTORE CAR PARK, W","WHEATLEY DITCH AT SUPERSTORE CAR PARK, WHEATLEY","461155","205131",51.741548,-1.115687,TH-PTAR0062,West Thames,L&W NORTH - WT,open,FRESHWATER - RIVERS,River Thame Catchment Partnership,https://riverthame.org/thame-partnership/,"84",Thame,Thames,Thames,West Thames,-0.928201297690422,51.7671178245286,682159949.97995,158742.332635635,FRESHWATER,./0.png
-1.13214383284865,51.7081889815066,"62","7639","1","7639",http://environment.data.gov.uk/water-quality/id/sampling-point/TH-PTAR0100,"DENTON BROOK AT CHIPPINGHURST MANOR, LIT","DENTON BROOK AT CHIPPINGHURST MANOR, LITTLE MILTON","460062","201406",51.708178,-1.132156,TH-PTAR0100,West Thames,L&W NORTH - WT,open,FRESHWATER - RIVERS,River Thame Catchment Partnership,https://riverthame.org/thame-partnership/,"84",Thame,Thames,Thames,West Thames,-0.928201297690422,51.7671178245286,682159949.97995,158742.332635635,FRESHWATER,./0.png
-1.10614433795979,51.751099286334,"63","7700","1","7700",http://environment.data.gov.uk/water-quality/id/sampling-point/TH-PTAR0014,HOLTON BROOK ABOVE RIVER THAME,HOLTON BROOK ABOVE RIVER THAME,"461800","206200",51.751088,-1.106157,TH-PTAR0014,West Thames,L&W NORTH - WT,open,FRESHWATER - RIVERS,River Thame Catchment Partnership,https://riverthame.org/thame-partnership/,"84",Thame,Thames,Thames,West Thames,-0.928201297690422,51.7671178245286,682159949.97995,158742.332635635,FRESHWATER,./0.png
-1.1615977231153,51.6391317758673,"64","7747","1","7747",http://environment.data.gov.uk/water-quality/id/sampling-point/TH-PTAE0024,DORCHESTER STW,DORCHESTER STW,"458115","193702",51.639123,-1.16161,TH-PTAE0024,West Thames,L&W NORTH - WT,open,SEWAGE DISCHARGES - FINAL/TREATED EFFLUENT - WATER COMPANY,River Thame Catchment Partnership,https://riverthame.org/thame-partnership/,"84",Thame,Thames,Thames,West Thames,-0.928201297690422,51.7671178245286,682159949.97995,158742.332635635,SEWAGE DISCHARGES - WATER COMPANY,./0.png
-1.16467152442063,51.6409340121499,"65","7786","1","7786",http://environment.data.gov.uk/water-quality/id/sampling-point/TH-PTAR0022,THAME AT DORCHESTER BRIDGE,THAME AT DORCHESTER BRIDGE,"457900","193900",51.640925,-1.164684,TH-PTAR0022,West Thames,L&W NORTH - WT,open,FRESHWATER - RIVERS,River Thame Catchment Partnership,https://riverthame.org/thame-partnership/,"84",Thame,Thames,Thames,West Thames,-0.928201297690422,51.7671178245286,682159949.97995,158742.332635635,FRESHWATER,./0.png
-1.02439697339056,51.7464035554528,"66","7851","1","7851",http://environment.data.gov.uk/water-quality/id/sampling-point/TH-PTAR0058,BENNETTS DITCH AT A418 ROADBRIDGE,BENNETTS DITCH AT A418 ROADBRIDGE,"467450","205750",51.746392,-1.024411,TH-PTAR0058,West Thames,L&W NORTH - WT,open,FRESHWATER - RIVERS,River Thame Catchment Partnership,https://riverthame.org/thame-partnership/,"84",Thame,Thames,Thames,West Thames,-0.928201297690422,51.7671178245286,682159949.97995,158742.332635635,FRESHWATER,./0.png
-1.06102852863695,51.7471512037121,"67","7875","1","7875",http://environment.data.gov.uk/water-quality/id/sampling-point/TH-PTAR0105,"TIDDINGTON BROOK ABOVE THAME, TIDDINGTON","TIDDINGTON BROOK ABOVE THAME, TIDDINGTON","464920","205800",51.74714,-1.061042,TH-PTAR0105,West Thames,L&W NORTH - WT,open,FRESHWATER - RIVERS,River Thame Catchment Partnership,https://riverthame.org/thame-partnership/,"84",Thame,Thames,Thames,West Thames,-0.928201297690422,51.7671178245286,682159949.97995,158742.332635635,FRESHWATER,./0.png
-1.1050100540716,51.7337281709219,"68","7885","1","7885",http://environment.data.gov.uk/water-quality/id/sampling-point/TH-PTAR0063,"MILTON DITCH AT GREAT MILTON ROAD, WHEAT","MILTON DITCH AT GREAT MILTON ROAD, WHEATLEY","461902","204269",51.733717,-1.105023,TH-PTAR0063,West Thames,L&W NORTH - WT,open,FRESHWATER - RIVERS,River Thame Catchment Partnership,https://riverthame.org/thame-partnership/,"84",Thame,Thames,Thames,West Thames,-0.928201297690422,51.7671178245286,682159949.97995,158742.332635635,FRESHWATER,./0.png
-1.13293685466422,51.7060728343029,"69","7896","1","7896",http://environment.data.gov.uk/water-quality/id/sampling-point/TH-PGWU0614,"CUDDESDON, CHIPPINGHURST MANOR ABH, 75M","CUDDESDON, CHIPPINGHURST MANOR ABH, 75M :SP60/12","460010","201170",51.706062,-1.132949,TH-PGWU0614,West Thames,L&W NORTH - WT,open,GROUNDWATER - BOREHOLE,River Thame Catchment Partnership,https://riverthame.org/thame-partnership/,"84",Thame,Thames,Thames,West Thames,-0.928201297690422,51.7671178245286,682159949.97995,158742.332635635,GROUNDWATER,./0.png
-1.07265999880021,51.6877015633888,"70","7907","1","7907",http://environment.data.gov.uk/water-quality/id/sampling-point/TH-PTAR0065,"WARPSGROVE DITCH NEAR RESERVOIR, CHALGRO","WARPSGROVE DITCH NEAR RESERVOIR, CHALGROVE COMMON","464201","199178",51.687691,-1.072673,TH-PTAR0065,West Thames,L&W NORTH - WT,open,FRESHWATER - RIVERS,River Thame Catchment Partnership,https://riverthame.org/thame-partnership/,"84",Thame,Thames,Thames,West Thames,-0.928201297690422,51.7671178245286,682159949.97995,158742.332635635,FRESHWATER,./0.png
-1.02158537045787,51.7759714826421,"71","7925","1","7925",http://environment.data.gov.uk/water-quality/id/sampling-point/TH-PTAR0044,SHABBINGTON BROOK AT WEST FIELD,SHABBINGTON BROOK AT WEST FIELD,"467600","209041",51.775959,-1.021599,TH-PTAR0044,West Thames,L&W NORTH - WT,open,FRESHWATER - RIVERS,River Thame Catchment Partnership,https://riverthame.org/thame-partnership/,"84",Thame,Thames,Thames,West Thames,-0.928201297690422,51.7671178245286,682159949.97995,158742.332635635,FRESHWATER,./0.png
-1.06272947127185,51.6845207358292,"72","7954","1","7954",http://environment.data.gov.uk/water-quality/id/sampling-point/TH-PTAE0016,CHALGROVE STW,CHALGROVE STW,"464892","198833",51.684511,-1.062743,TH-PTAE0016,West Thames,L&W NORTH - WT,open,SEWAGE DISCHARGES - FINAL/TREATED EFFLUENT - WATER COMPANY,River Thame Catchment Partnership,https://riverthame.org/thame-partnership/,"84",Thame,Thames,Thames,West Thames,-0.928201297690422,51.7671178245286,682159949.97995,158742.332635635,SEWAGE DISCHARGES - WATER COMPANY,./0.png
-1.04859829336053,51.801000313966,"73","7968","1","7968",http://environment.data.gov.uk/water-quality/id/sampling-point/TH-PTAR0039,WORMINGHALL BROOK AT B4011 ROADBRIDGE,WORMINGHALL BROOK AT B4011 ROADBRIDGE,"465700","211800",51.800988,-1.048612,TH-PTAR0039,West Thames,L&W NORTH - WT,open,FRESHWATER - RIVERS,River Thame Catchment Partnership,https://riverthame.org/thame-partnership/,"84",Thame,Thames,Thames,West Thames,-0.928201297690422,51.7671178245286,682159949.97995,158742.332635635,FRESHWATER,./0.png
-1.09644918914529,51.725147761941,"74","7982","1","7982",http://environment.data.gov.uk/water-quality/id/sampling-point/TH-PTAR0103,MILTON DITCH AT GREAT MILTON,MILTON DITCH AT GREAT MILTON,"462505","203322",51.725137,-1.096462,TH-PTAR0103,West Thames,L&W NORTH - WT,open,FRESHWATER - RIVERS,River Thame Catchment Partnership,https://riverthame.org/thame-partnership/,"84",Thame,Thames,Thames,West Thames,-0.928201297690422,51.7671178245286,682159949.97995,158742.332635635,FRESHWATER,./0.png
-1.0539342458063,51.7539189646617,"75","7999","1","7999",http://environment.data.gov.uk/water-quality/id/sampling-point/TH-PTAR0107,PEPPERSHILL BROOK ABOVE THAME,PEPPERSHILL BROOK ABOVE THAME,"465400","206559",51.753907,-1.053948,TH-PTAR0107,West Thames,L&W NORTH - WT,open,FRESHWATER - RIVERS,River Thame Catchment Partnership,https://riverthame.org/thame-partnership/,"84",Thame,Thames,Thames,West Thames,-0.928201297690422,51.7671178245286,682159949.97995,158742.332635635,FRESHWATER,./0.png
-1.05925348206196,51.7768090461138,"76","8014","1","8014",http://environment.data.gov.uk/water-quality/id/sampling-point/TH-PTAE0093,WORMINGHALL STW,WORMINGHALL STW,"465000","209100",51.776797,-1.059267,TH-PTAE0093,West Thames,L&W NORTH - WT,open,SEWAGE DISCHARGES - FINAL/TREATED EFFLUENT - WATER COMPANY,River Thame Catchment Partnership,https://riverthame.org/thame-partnership/,"84",Thame,Thames,Thames,West Thames,-0.928201297690422,51.7671178245286,682159949.97995,158742.332635635,SEWAGE DISCHARGES - WATER COMPANY,./0.png
-1.14188898129853,51.6841991656758,"77","8019","1","8019",http://environment.data.gov.uk/water-quality/id/sampling-point/TH-PTAR0052,"CHALGROVE BROOK AT CHISELHAMPTON BRIDGE,","CHALGROVE BROOK AT CHISELHAMPTON BRIDGE, CHISELHAMPTON","459420","198730",51.684189,-1.141902,TH-PTAR0052,West Thames,L&W NORTH - WT,open,FRESHWATER - RIVERS,River Thame Catchment Partnership,https://riverthame.org/thame-partnership/,"84",Thame,Thames,Thames,West Thames,-0.928201297690422,51.7671178245286,682159949.97995,158742.332635635,FRESHWATER,./0.png
-1.01961241326614,51.6722820575333,"78","8033","1","8033",http://environment.data.gov.uk/water-quality/id/sampling-point/TH-PTAR0117,"LEWKNOR BROOK AT ROADBRIDGE, NR PYRTON","LEWKNOR BROOK AT ROADBRIDGE, NR PYRTON","467891","197511",51.672272,-1.019626,TH-PTAR0117,West Thames,L&W NORTH - WT,open,FRESHWATER - RIVERS,River Thame Catchment Partnership,https://riverthame.org/thame-partnership/,"84",Thame,Thames,Thames,West Thames,-0.928201297690422,51.7671178245286,682159949.97995,158742.332635635,FRESHWATER,./0.png
-1.01039778039973,51.7957490461181,"79","8048","1","8048",http://environment.data.gov.uk/water-quality/id/sampling-point/TH-PTAE0018,CHILTON ( BUCKS ) STW,CHILTON ( BUCKS ) STW,"468342","211251",51.795736,-1.010412,TH-PTAE0018,West Thames,L&W NORTH - WT,open,SEWAGE DISCHARGES - FINAL/TREATED EFFLUENT - WATER COMPANY,River Thame Catchment Partnership,https://riverthame.org/thame-partnership/,"84",Thame,Thames,Thames,West Thames,-0.928201297690422,51.7671178245286,682159949.97995,158742.332635635,SEWAGE DISCHARGES - WATER COMPANY,./0.png
-1.06133681767896,51.7462545098315,"80","8075","1","8075",http://environment.data.gov.uk/water-quality/id/sampling-point/TH-PTAE0078,TIDDINGTON STW,TIDDINGTON STW,"464900","205700",51.746243,-1.06135,TH-PTAE0078,West Thames,L&W NORTH - WT,open,SEWAGE DISCHARGES - FINAL/TREATED EFFLUENT - WATER COMPANY,River Thame Catchment Partnership,https://riverthame.org/thame-partnership/,"84",Thame,Thames,Thames,West Thames,-0.928201297690422,51.7671178245286,682159949.97995,158742.332635635,SEWAGE DISCHARGES - WATER COMPANY,./0.png
-1.13724645426139,51.7153658048195,"81","8091","1","8091",http://environment.data.gov.uk/water-quality/id/sampling-point/TH-PTAE0022,CUDDESDON STW,CUDDESDON STW,"459700","202200",51.715355,-1.137259,TH-PTAE0022,West Thames,L&W NORTH - WT,open,SEWAGE DISCHARGES - FINAL/TREATED EFFLUENT - WATER COMPANY,River Thame Catchment Partnership,https://riverthame.org/thame-partnership/,"84",Thame,Thames,Thames,West Thames,-0.928201297690422,51.7671178245286,682159949.97995,158742.332635635,SEWAGE DISCHARGES - WATER COMPANY,./0.png
-1.1150106116604,51.7421749165741,"82","8116","1","8116",http://environment.data.gov.uk/water-quality/id/sampling-point/TH-PTAR0030,THAME AT WHEATLEY BRIDGE,THAME AT WHEATLEY BRIDGE,"461200","205200",51.742164,-1.115023,TH-PTAR0030,West Thames,L&W NORTH - WT,open,FRESHWATER - RIVERS,River Thame Catchment Partnership,https://riverthame.org/thame-partnership/,"84",Thame,Thames,Thames,West Thames,-0.928201297690422,51.7671178245286,682159949.97995,158742.332635635,FRESHWATER,./0.png
-1.08892611748924,51.7428748290084,"83","8125","1","8125",http://environment.data.gov.uk/water-quality/id/sampling-point/TH-PTAE0212,WATERSTOCK GOLF CLUB STW :WATERSTOCK,WATERSTOCK GOLF CLUB STW :WATERSTOCK,"463000","205300",51.742864,-1.088939,TH-PTAE0212,West Thames,L&W NORTH - WT,open,SEWAGE DISCHARGES - FINAL/TREATED EFFLUENT - NOT WATER COMPANY,River Thame Catchment Partnership,https://riverthame.org/thame-partnership/,"84",Thame,Thames,Thames,West Thames,-0.928201297690422,51.7671178245286,682159949.97995,158742.332635635,SEWAGE DISCHARGES - NOT WATER COMPANY,./0.png
-1.11449351489392,51.6945160601465,"84","8132","1","8132",http://environment.data.gov.uk/water-quality/id/sampling-point/TH-PTAR0013,HASELEY BROOK ABOVE RIVER THAME,HASELEY BROOK ABOVE RIVER THAME,"461300","199900",51.694506,-1.114506,TH-PTAR0013,West Thames,L&W NORTH - WT,open,FRESHWATER - RIVERS,River Thame Catchment Partnership,https://riverthame.org/thame-partnership/,"84",Thame,Thames,Thames,West Thames,-0.928201297690422,51.7671178245286,682159949.97995,158742.332635635,FRESHWATER,./0.png
-1.07380033115706,51.6913701114692,"85","8243","1","8243",http://environment.data.gov.uk/water-quality/id/sampling-point/TH-PTAR0116,HASELEY BROOK ABOVE WARSGROVE DITCH,HASELEY BROOK ABOVE WARSGROVE DITCH,"464117","199585",51.69136,-1.073813,TH-PTAR0116,West Thames,L&W NORTH - WT,open,FRESHWATER - RIVERS,River Thame Catchment Partnership,https://riverthame.org/thame-partnership/,"84",Thame,Thames,Thames,West Thames,-0.928201297690422,51.7671178245286,682159949.97995,158742.332635635,FRESHWATER,./0.png
-1.09650758987178,51.7258495463033,"86","8246","1","8246",http://environment.data.gov.uk/water-quality/id/sampling-point/TH-PTAE0035,GREAT MILTON STW,GREAT MILTON STW,"462500","203400",51.725839,-1.096521,TH-PTAE0035,West Thames,L&W NORTH - WT,open,SEWAGE DISCHARGES - FINAL/TREATED EFFLUENT - WATER COMPANY,River Thame Catchment Partnership,https://riverthame.org/thame-partnership/,"84",Thame,Thames,Thames,West Thames,-0.928201297690422,51.7671178245286,682159949.97995,158742.332635635,SEWAGE DISCHARGES - WATER COMPANY,./0.png
-1.02533272159148,51.6530247995195,"87","8262","1","8262",http://environment.data.gov.uk/water-quality/id/sampling-point/TH-PTAE0087,WATLINGTON STW,WATLINGTON STW,"467524","195364",51.653015,-1.025347,TH-PTAE0087,West Thames,L&W NORTH - WT,open,SEWAGE DISCHARGES - FINAL/TREATED EFFLUENT - WATER COMPANY,River Thame Catchment Partnership,https://riverthame.org/thame-partnership/,"84",Thame,Thames,Thames,West Thames,-0.928201297690422,51.7671178245286,682159949.97995,158742.332635635,SEWAGE DISCHARGES - WATER COMPANY,./0.png
-1.03295211102221,51.7527683472732,"88","8279","1","8279",http://environment.data.gov.uk/water-quality/id/sampling-point/TH-PTAE0223,THE OLD FISHERMAN PUBLIC HOUSE STW :SHAB,THE OLD FISHERMAN PUBLIC HOUSE STW :SHABBINGTON,"466850","206450",51.752757,-1.032966,TH-PTAE0223,West Thames,L&W NORTH - WT,open,SEWAGE DISCHARGES - FINAL/TREATED EFFLUENT - NOT WATER COMPANY,River Thame Catchment Partnership,https://riverthame.org/thame-partnership/,"84",Thame,Thames,Thames,West Thames,-0.928201297690422,51.7671178245286,682159949.97995,158742.332635635,SEWAGE DISCHARGES - NOT WATER COMPANY,./0.png
-0.971342457797724,51.7544931684307,"89","8292","1","8292",http://environment.data.gov.uk/water-quality/id/sampling-point/TH-PTAE0076,THAME STW,THAME STW,"471100","206700",51.754482,-0.971357,TH-PTAE0076,West Thames,L&W NORTH - WT,open,SEWAGE DISCHARGES - FINAL/TREATED EFFLUENT - WATER COMPANY,River Thame Catchment Partnership,https://riverthame.org/thame-partnership/,"84",Thame,Thames,Thames,West Thames,-0.928201297690422,51.7671178245286,682159949.97995,158742.332635635,SEWAGE DISCHARGES - WATER COMPANY,./0.png
-1.0422053914363,51.7604868295004,"90","8321","1","8321",http://environment.data.gov.uk/water-quality/id/sampling-point/TH-PTAE0065,SHABBINGTON STW,SHABBINGTON STW,"466200","207300",51.760475,-1.042219,TH-PTAE0065,West Thames,L&W NORTH - WT,open,SEWAGE DISCHARGES - FINAL/TREATED EFFLUENT - WATER COMPANY,River Thame Catchment Partnership,https://riverthame.org/thame-partnership/,"84",Thame,Thames,Thames,West Thames,-0.928201297690422,51.7671178245286,682159949.97995,158742.332635635,SEWAGE DISCHARGES - WATER COMPANY,./0.png
-1.13297963541143,51.6758075771177,"91","8344","1","8344",http://environment.data.gov.uk/water-quality/id/sampling-point/TH-PTAE0066,STADHAMPTON STW,STADHAMPTON STW,"460047","197804",51.675798,-1.132992,TH-PTAE0066,West Thames,L&W NORTH - WT,open,SEWAGE DISCHARGES - FINAL/TREATED EFFLUENT - WATER COMPANY,River Thame Catchment Partnership,https://riverthame.org/thame-partnership/,"84",Thame,Thames,Thames,West Thames,-0.928201297690422,51.7671178245286,682159949.97995,158742.332635635,SEWAGE DISCHARGES - WATER COMPANY,./0.png
-1.05610507966613,51.7074501184777,"92","8346","1","8346",http://environment.data.gov.uk/water-quality/id/sampling-point/TH-PTAR0102,LATCHFORD BROOK AT LATCHFORD,LATCHFORD BROOK AT LATCHFORD,"465317","201389",51.70744,-1.056118,TH-PTAR0102,West Thames,L&W NORTH - WT,open,FRESHWATER - RIVERS,River Thame Catchment Partnership,https://riverthame.org/thame-partnership/,"84",Thame,Thames,Thames,West Thames,-0.928201297690422,51.7671178245286,682159949.97995,158742.332635635,FRESHWATER,./0.png
-1.11937252299691,51.7413085225892,"93","8371","1","8371",http://environment.data.gov.uk/water-quality/id/sampling-point/TH-PTAE0091,WHEATLEY STW,WHEATLEY STW,"460900","205100",51.741297,-1.119385,TH-PTAE0091,West Thames,L&W NORTH - WT,open,SEWAGE DISCHARGES - FINAL/TREATED EFFLUENT - WATER COMPANY,River Thame Catchment Partnership,https://riverthame.org/thame-partnership/,"84",Thame,Thames,Thames,West Thames,-0.928201297690422,51.7671178245286,682159949.97995,158742.332635635,SEWAGE DISCHARGES - WATER COMPANY,./0.png
-1.12267534634867,51.8033110084346,"94","8435","1","8435",http://environment.data.gov.uk/water-quality/id/sampling-point/TH-PTAE0042,HORTON CUM STUDLEY STW,HORTON CUM STUDLEY STW,"460589","211993",51.803299,-1.122689,TH-PTAE0042,West Thames,L&W NORTH - WT,open,SEWAGE DISCHARGES - FINAL/TREATED EFFLUENT - WATER COMPANY,River Thame Catchment Partnership,https://riverthame.org/thame-partnership/,"84",Thame,Thames,Thames,West Thames,-0.928201297690422,51.7671178245286,682159949.97995,158742.332635635,SEWAGE DISCHARGES - WATER COMPANY,./0.png
-1.14492951255361,51.7684713969396,"95","8491","1","8491",http://environment.data.gov.uk/water-quality/id/sampling-point/TH-PTAE0031,FOREST HILL STW,FOREST HILL STW,"459100","208100",51.76846,-1.144942,TH-PTAE0031,West Thames,L&W NORTH - WT,open,SEWAGE DISCHARGES - FINAL/TREATED EFFLUENT - WATER COMPANY,River Thame Catchment Partnership,https://riverthame.org/thame-partnership/,"84",Thame,Thames,Thames,West Thames,-0.928201297690422,51.7671178245286,682159949.97995,158742.332635635,SEWAGE DISCHARGES - WATER COMPANY,./0.png
-1.15123541696618,51.7830471360391,"96","8532","1","8532",http://environment.data.gov.uk/water-quality/id/sampling-point/TH-PTAE0067,STANTON ST JOHN STW,STANTON ST JOHN STW,"458646","209716",51.783035,-1.151248,TH-PTAE0067,West Thames,L&W NORTH - WT,open,SEWAGE DISCHARGES - FINAL/TREATED EFFLUENT - WATER COMPANY,River Thame Catchment Partnership,https://riverthame.org/thame-partnership/,"84",Thame,Thames,Thames,West Thames,-0.928201297690422,51.7671178245286,682159949.97995,158742.332635635,SEWAGE DISCHARGES - WATER COMPANY,./0.png
-0.988760521372954,51.7530258733385,"97","8597","1","8597",http://environment.data.gov.uk/water-quality/id/sampling-point/TH-PTAR0132,CUTTLE BROOK AT THAME,CUTTLE BROOK AT THAME,"469900","206520",51.753014,-0.988775,TH-PTAR0132,West Thames,L&W NORTH - WT,open,FRESHWATER - UNSPECIFIED,River Thame Catchment Partnership,https://riverthame.org/thame-partnership/,"84",Thame,Thames,Thames,West Thames,-0.928201297690422,51.7671178245286,682159949.97995,158742.332635635,FRESHWATER,./0.png
-1.10417624197947,51.7407441464686,"98","9031","1","9031",http://environment.data.gov.uk/water-quality/id/sampling-point/TH-PGWE0488,GYPSY SITE STW :GREAT MILTON,GYPSY SITE STW :GREAT MILTON,"461950","205050",51.740733,-1.104189,TH-PGWE0488,West Thames,L&W NORTH - WT,open,SEWAGE DISCHARGES - FINAL/TREATED EFFLUENT - NOT WATER COMPANY,River Thame Catchment Partnership,https://riverthame.org/thame-partnership/,"84",Thame,Thames,Thames,West Thames,-0.928201297690422,51.7671178245286,682159949.97995,158742.332635635,SEWAGE DISCHARGES - NOT WATER COMPANY,./0.png
-1.1004337861146,51.8197500424874,"99","9419","1","9419",http://environment.data.gov.uk/water-quality/id/sampling-point/TH-PTAE0249,MAGNOLIA PARK STW :BOARSTALL,MAGNOLIA PARK STW :BOARSTALL,"462100","213840",51.819738,-1.100447,TH-PTAE0249,West Thames,L&W NORTH - WT,open,SEWAGE DISCHARGES - FINAL/TREATED EFFLUENT - NOT WATER COMPANY,River Thame Catchment Partnership,https://riverthame.org/thame-partnership/,"84",Thame,Thames,Thames,West Thames,-0.928201297690422,51.7671178245286,682159949.97995,158742.332635635,SEWAGE DISCHARGES - NOT WATER COMPANY,./0.png
-1.10060956502779,51.73801948074,"100","9521","1","9521",http://environment.data.gov.uk/water-quality/id/sampling-point/TH-PTAE0307,M40 MOTORWAY SERVICES :GREAT MILTON,M40 MOTORWAY SERVICES :GREAT MILTON,"462200","204750",51.738008,-1.100623,TH-PTAE0307,West Thames,L&W NORTH - WT,open,SEWAGE & TRADE COMBINED - UNSPECIFIED,River Thame Catchment Partnership,https://riverthame.org/thame-partnership/,"84",Thame,Thames,Thames,West Thames,-0.928201297690422,51.7671178245286,682159949.97995,158742.332635635,SEWAGE & TRADE COMBINED,./0.png
-1.05987885702496,51.7850772236603,"101","9688","1","9688",http://environment.data.gov.uk/water-quality/id/sampling-point/TH-PGWU2028,"IXHILL OBH, WORMINGHALL","IXHILL OBH, WORMINGHALL","464945","210019",51.785065,-1.059892,TH-PGWU2028,West Thames,L&W NORTH - WT,open,GROUNDWATER - BOREHOLE,River Thame Catchment Partnership,https://riverthame.org/thame-partnership/,"84",Thame,Thames,Thames,West Thames,-0.928201297690422,51.7671178245286,682159949.97995,158742.332635635,GROUNDWATER,./0.png
-1.04025058274633,51.6530217020646,"102","9964","1","9964",http://environment.data.gov.uk/water-quality/id/sampling-point/TH-PTAR0187,CHALGROVE BROOK ABOVE CUXHAM,CHALGROVE BROOK ABOVE CUXHAM,"466492","195350",51.653012,-1.040264,TH-PTAR0187,West Thames,L&W NORTH - WT,open,FRESHWATER - UNSPECIFIED,River Thame Catchment Partnership,https://riverthame.org/thame-partnership/,"84",Thame,Thames,Thames,West Thames,-0.928201297690422,51.7671178245286,682159949.97995,158742.332635635,FRESHWATER,./0.png
-1.13066465111841,51.6811494525847,"103","9992","1","9992",http://environment.data.gov.uk/water-quality/id/sampling-point/TH-PTAR0004,CHALGROVE BROOK ABOVE RIVER THAME,CHALGROVE BROOK ABOVE RIVER THAME,"460200","198400",51.681139,-1.130677,TH-PTAR0004,West Thames,L&W NORTH - WT,open,FRESHWATER - UNSPECIFIED,River Thame Catchment Partnership,https://riverthame.org/thame-partnership/,"84",Thame,Thames,Thames,West Thames,-0.928201297690422,51.7671178245286,682159949.97995,158742.332635635,FRESHWATER,./0.png
-1.08133267019492,51.7787637374981,"104","10064","1","10064",http://environment.data.gov.uk/water-quality/id/sampling-point/TH-PTAE0314,WORNAL PARK STW :WORMINGHALL,WORNAL PARK STW :WORMINGHALL,"463474","209298",51.778752,-1.081346,TH-PTAE0314,West Thames,L&W NORTH - WT,open,SEWAGE DISCHARGES - FINAL/TREATED EFFLUENT - NOT WATER COMPANY,River Thame Catchment Partnership,https://riverthame.org/thame-partnership/,"84",Thame,Thames,Thames,West Thames,-0.928201297690422,51.7671178245286,682159949.97995,158742.332635635,SEWAGE DISCHARGES - NOT WATER COMPANY,./0.png
-1.02126264321778,51.7908857040754,"105","10378","1","10378",http://environment.data.gov.uk/water-quality/id/sampling-point/TH-PTAR0046,"PEPPERSHILL BROOK AT B4011, LONG CRENDON","PEPPERSHILL BROOK AT B4011, LONG CRENDON","467600","210700",51.790873,-1.021277,TH-PTAR0046,West Thames,L&W NORTH - WT,open,FRESHWATER - UNSPECIFIED,River Thame Catchment Partnership,https://riverthame.org/thame-partnership/,"84",Thame,Thames,Thames,West Thames,-0.928201297690422,51.7671178245286,682159949.97995,158742.332635635,FRESHWATER,./0.png
-1.09193904606482,51.7861920568109,"106","11174","1","11174",http://environment.data.gov.uk/water-quality/id/sampling-point/TH-RSN0402,DS M40,RSN0402 DS M40,"462732","210115",51.78618,-1.091952,TH-RSN0402,West Thames,L&W NORTH - WT,open,FRESHWATER - RIVERS,River Thame Catchment Partnership,https://riverthame.org/thame-partnership/,"84",Thame,Thames,Thames,West Thames,-0.928201297690422,51.7671178245286,682159949.97995,158742.332635635,FRESHWATER,./0.png
-1.05608469167275,51.7758485633373,"107","11210","1","11210",http://environment.data.gov.uk/water-quality/id/sampling-point/TH-RSN0466,KM US ICKFORD ROAD,RSN0466 1KM US ICKFORD ROAD,"465220","208996",51.775836,-1.056098,TH-RSN0466,West Thames,L&W NORTH - WT,open,FRESHWATER - RIVERS,River Thame Catchment Partnership,https://riverthame.org/thame-partnership/,"84",Thame,Thames,Thames,West Thames,-0.928201297690422,51.7671178245286,682159949.97995,158742.332635635,FRESHWATER,./0.png
-0.914485048794605,51.8551181983164,"108","8271","1","8271",http://environment.data.gov.uk/water-quality/id/sampling-point/TH-PTAE0086,WADDESDON STW,WADDESDON STW,"474858","217948",51.855105,-0.914499,TH-PTAE0086,West Thames,L&W NORTH - WT,open,SEWAGE DISCHARGES - FINAL/TREATED EFFLUENT - WATER COMPANY,River Thame Catchment Partnership,https://riverthame.org/thame-partnership/,"84",Thame,Thames,Thames,West Thames,-0.928201297690422,51.7671178245286,682159949.97995,158742.332635635,SEWAGE DISCHARGES - WATER COMPANY,./0.png
-0.893964598533051,51.8617786628829,"109","10238","1","10238",http://environment.data.gov.uk/water-quality/id/sampling-point/TH-PTAE0215,RSPCA STW :WADDESDON,RSPCA STW :WADDESDON,"476260","218710",51.861765,-0.893979,TH-PTAE0215,West Thames,L&W NORTH - WT,open,SEWAGE DISCHARGES - FINAL/TREATED EFFLUENT - NOT WATER COMPANY,River Thame Catchment Partnership,https://riverthame.org/thame-partnership/,"84",Thame,Thames,Thames,West Thames,-0.928201297690422,51.7671178245286,682159949.97995,158742.332635635,SEWAGE DISCHARGES - NOT WATER COMPANY,./0.png
-0.877795018680389,51.7293596346113,"110","7532","1","7532",http://environment.data.gov.uk/water-quality/id/sampling-point/TH-PTAR0089,"HORSENDEN STREAM AT THE FORD, BLEDLOW","HORSENDEN STREAM AT THE FORD, BLEDLOW","477600","204000",51.729349,-0.877811,TH-PTAR0089,West Thames,L&W NORTH - WT,open,FRESHWATER - RIVERS,River Thame Catchment Partnership,https://riverthame.org/thame-partnership/,"84",Thame,Thames,Thames,West Thames,-0.928201297690422,51.7671178245286,682159949.97995,158742.332635635,FRESHWATER,./0.png
-0.898376859228021,51.7213537933803,"111","7572","1","7572",http://environment.data.gov.uk/water-quality/id/sampling-point/TH-PTAR0153,"HENTON STREAM AT THE GREEN, HENTON","HENTON STREAM AT THE GREEN, HENTON","476192","203088",51.721343,-0.898392,TH-PTAR0153,West Thames,L&W NORTH - WT,open,FRESHWATER - UNSPECIFIED,River Thame Catchment Partnership,https://riverthame.org/thame-partnership/,"84",Thame,Thames,Thames,West Thames,-0.928201297690422,51.7671178245286,682159949.97995,158742.332635635,FRESHWATER,./0.png
-0.836391839975034,51.7262055039556,"112","7637","1","7637",http://environment.data.gov.uk/water-quality/id/sampling-point/TH-PTAR0118,"HORSENDEN STREAM AT BROOKE ROAD, PRINCES","HORSENDEN STREAM AT BROOKE ROAD, PRINCES RISBOROUGH","480465","203694",51.726195,-0.836407,TH-PTAR0118,West Thames,L&W NORTH - WT,open,FRESHWATER - RIVERS,River Thame Catchment Partnership,https://riverthame.org/thame-partnership/,"84",Thame,Thames,Thames,West Thames,-0.928201297690422,51.7671178245286,682159949.97995,158742.332635635,FRESHWATER,./0.png
-0.90125014678906,51.7240602185535,"113","7727","1","7727",http://environment.data.gov.uk/water-quality/id/sampling-point/TH-PTAE0020,CHINNOR STW NO.2,CHINNOR STW NO.2,"475989","203386",51.72405,-0.901266,TH-PTAE0020,West Thames,L&W NORTH - WT,open,SEWAGE DISCHARGES - FINAL/TREATED EFFLUENT - WATER COMPANY,River Thame Catchment Partnership,https://riverthame.org/thame-partnership/,"84",Thame,Thames,Thames,West Thames,-0.928201297690422,51.7671178245286,682159949.97995,158742.332635635,SEWAGE DISCHARGES - WATER COMPANY,./0.png
-0.845506139868865,51.727626203712,"114","8434","1","8434",http://environment.data.gov.uk/water-quality/id/sampling-point/TH-PTAE0060,PRINCES RISBOROUGH STW,PRINCES RISBOROUGH STW,"479833","203842",51.727616,-0.845522,TH-PTAE0060,West Thames,L&W NORTH - WT,open,SEWAGE DISCHARGES - FINAL/TREATED EFFLUENT - WATER COMPANY,River Thame Catchment Partnership,https://riverthame.org/thame-partnership/,"84",Thame,Thames,Thames,West Thames,-0.928201297690422,51.7671178245286,682159949.97995,158742.332635635,SEWAGE DISCHARGES - WATER COMPANY,./0.png
-0.847795297488032,51.7133337032163,"115","8968","1","8968",http://environment.data.gov.uk/water-quality/id/sampling-point/TH-PTAE0248,BADGERS BEDLOW ROAD STW :PRINCES RISBORO,BADGERS BEDLOW ROAD STW :PRINCES RISBOROUGH,"479700","202250",51.713324,-0.847811,TH-PTAE0248,West Thames,L&W NORTH - WT,open,SEWAGE DISCHARGES - FINAL/TREATED EFFLUENT - NOT WATER COMPANY,River Thame Catchment Partnership,https://riverthame.org/thame-partnership/,"84",Thame,Thames,Thames,West Thames,-0.928201297690422,51.7671178245286,682159949.97995,158742.332635635,SEWAGE DISCHARGES - NOT WATER COMPANY,./0.png
-0.850746477571891,51.7111146736222,"116","9424","1","9424",http://environment.data.gov.uk/water-quality/id/sampling-point/TH-PTAE0098,CHERRY TREE NURSING HOME STW :BLEDLOW CU,CHERRY TREE NURSING HOME STW :BLEDLOW CUM SAUNDERTON,"479500","202000",51.711105,-0.850762,TH-PTAE0098,West Thames,L&W NORTH - WT,open,SEWAGE DISCHARGES - FINAL/TREATED EFFLUENT - NOT WATER COMPANY,River Thame Catchment Partnership,https://riverthame.org/thame-partnership/,"84",Thame,Thames,Thames,West Thames,-0.928201297690422,51.7671178245286,682159949.97995,158742.332635635,SEWAGE DISCHARGES - NOT WATER COMPANY,./0.png
-0.856039999664156,51.7307684694424,"117","10065","1","10065",http://environment.data.gov.uk/water-quality/id/sampling-point/TH-PTAR0164,"HORSENDEN STREAM AT B4009, LONGWICK CUM","HORSENDEN STREAM AT B4009, LONGWICK CUM ILMER","479100","204180",51.730758,-0.856056,TH-PTAR0164,West Thames,L&W NORTH - WT,open,FRESHWATER - UNSPECIFIED,River Thame Catchment Partnership,https://riverthame.org/thame-partnership/,"84",Thame,Thames,Thames,West Thames,-0.928201297690422,51.7671178245286,682159949.97995,158742.332635635,FRESHWATER,./0.png
-0.902926102026669,51.7260000955006,"118","10066","1","10066",http://environment.data.gov.uk/water-quality/id/sampling-point/TH-PTAR0147,HENTON STREAM BELOW CHINNOR NO.2 STW,HENTON STREAM BELOW CHINNOR NO.2 STW,"475870","203600",51.72599,-0.902942,TH-PTAR0147,West Thames,L&W NORTH - WT,open,FRESHWATER - UNSPECIFIED,River Thame Catchment Partnership,https://riverthame.org/thame-partnership/,"84",Thame,Thames,Thames,West Thames,-0.928201297690422,51.7671178245286,682159949.97995,158742.332635635,FRESHWATER,./0.png
-0.854349427406609,51.7306261170295,"119","10070","1","10070",http://environment.data.gov.uk/water-quality/id/sampling-point/TH-PTAE0310,LONGWICK MILL COMPLEX STW :PRINCES RISBO,LONGWICK MILL COMPLEX STW :PRINCES RISBOROUGH,"479217","204166",51.730615,-0.854365,TH-PTAE0310,West Thames,L&W NORTH - WT,open,SEWAGE DISCHARGES - FINAL/TREATED EFFLUENT - NOT WATER COMPANY,River Thame Catchment Partnership,https://riverthame.org/thame-partnership/,"84",Thame,Thames,Thames,West Thames,-0.928201297690422,51.7671178245286,682159949.97995,158742.332635635,SEWAGE DISCHARGES - NOT WATER COMPANY,./0.png
-0.745294327528565,51.8603961518919,"120","8040","1","8040",http://environment.data.gov.uk/water-quality/id/sampling-point/TH-PTAE0092,WINGRAVE STW,WINGRAVE STW,"486500","218722",51.860382,-0.745311,TH-PTAE0092,West Thames,L&W NORTH - WT,open,SEWAGE DISCHARGES - FINAL/TREATED EFFLUENT - WATER COMPANY,River Thame Catchment Partnership,https://riverthame.org/thame-partnership/,"84",Thame,Thames,Thames,West Thames,-0.928201297690422,51.7671178245286,682159949.97995,158742.332635635,SEWAGE DISCHARGES - WATER COMPANY,./0.png
-0.675654073790645,51.7839057259797,"121","8083","1","8083",http://environment.data.gov.uk/water-quality/id/sampling-point/TH-PGWE0481,WEST LEITH FARM STW :TRING,WEST LEITH FARM STW :TRING,"491450","210300",51.783892,-0.675672,TH-PGWE0481,West Thames,L&W NORTH - WT,open,SEWAGE DISCHARGES - FINAL/TREATED EFFLUENT - NOT WATER COMPANY,River Thame Catchment Partnership,https://riverthame.org/thame-partnership/,"84",Thame,Thames,Thames,West Thames,-0.928201297690422,51.7671178245286,682159949.97995,158742.332635635,SEWAGE DISCHARGES - NOT WATER COMPANY,./0.png
-0.659772081625134,51.8100898300658,"122","8265","1","8265",http://environment.data.gov.uk/water-quality/id/sampling-point/TH-PTAE0082,TRING STW 2M OUTLET,TRING STW 2M OUTLET,"492492","213232",51.810075,-0.65979,TH-PTAE0082,West Thames,L&W NORTH - WT,open,SEWAGE DISCHARGES - FINAL/TREATED EFFLUENT - WATER COMPANY,River Thame Catchment Partnership,https://riverthame.org/thame-partnership/,"84",Thame,Thames,Thames,West Thames,-0.928201297690422,51.7671178245286,682159949.97995,158742.332635635,SEWAGE DISCHARGES - WATER COMPANY,./0.png
-0.661114683430984,51.8098173857974,"123","8372","1","8372",http://environment.data.gov.uk/water-quality/id/sampling-point/TH-PTAR0008,"G.U.C. ( WENDOVER ARM ) AT ROADBRIDGE, T","G.U.C. ( WENDOVER ARM ) AT ROADBRIDGE, TRING","492400","213200",51.809803,-0.661133,TH-PTAR0008,West Thames,L&W NORTH - WT,open,FRESHWATER - RIVERS,River Thame Catchment Partnership,https://riverthame.org/thame-partnership/,"84",Thame,Thames,Thames,West Thames,-0.928201297690422,51.7671178245286,682159949.97995,158742.332635635,FRESHWATER,./0.png
-0.660698031683505,51.8116379422889,"124","8494","1","8494",http://environment.data.gov.uk/water-quality/id/sampling-point/TH-PTAE0083,TRING STW 600MM OUTLET,TRING STW 600MM OUTLET,"492425","213403",51.811623,-0.660716,TH-PTAE0083,West Thames,L&W NORTH - WT,open,SEWAGE DISCHARGES - FINAL/TREATED EFFLUENT - WATER COMPANY,River Thame Catchment Partnership,https://riverthame.org/thame-partnership/,"84",Thame,Thames,Thames,West Thames,-0.928201297690422,51.7671178245286,682159949.97995,158742.332635635,SEWAGE DISCHARGES - WATER COMPANY,./0.png
-0.666799887007152,51.818693663844,"125","8604","1","8604",http://environment.data.gov.uk/water-quality/id/sampling-point/TH-PTAR0135,GUC (PITSTONE REACH) AT MARSWORTH,GUC (PITSTONE REACH) AT MARSWORTH,"491990","214180",51.818679,-0.666818,TH-PTAR0135,West Thames,L&W NORTH - WT,open,FRESHWATER - RIVERS,River Thame Catchment Partnership,https://riverthame.org/thame-partnership/,"84",Thame,Thames,Thames,West Thames,-0.928201297690422,51.7671178245286,682159949.97995,158742.332635635,FRESHWATER,./0.png
-0.649038809796311,51.8110280826703,"126","9077","1","9077",http://environment.data.gov.uk/water-quality/id/sampling-point/TH-PGWE0515,MARSHCROFT FARM STW :TRING,MARSHCROFT FARM STW :TRING,"493230","213350",51.811014,-0.649057,TH-PGWE0515,West Thames,L&W NORTH - WT,open,SEWAGE DISCHARGES - FINAL/TREATED EFFLUENT - NOT WATER COMPANY,River Thame Catchment Partnership,https://riverthame.org/thame-partnership/,"84",Thame,Thames,Thames,West Thames,-0.928201297690422,51.7671178245286,682159949.97995,158742.332635635,SEWAGE DISCHARGES - NOT WATER COMPANY,./0.png
-0.692086539318563,51.7921822587971,"127","9420","1","9420",http://environment.data.gov.uk/water-quality/id/sampling-point/TH-PGWE0408,CROWS NEST STW NO 2 :BUCKLAND,CROWS NEST STW NO 2 :BUCKLAND,"490300","211200",51.792168,-0.692105,TH-PGWE0408,West Thames,L&W NORTH - WT,open,SEWAGE DISCHARGES - FINAL/TREATED EFFLUENT - NOT WATER COMPANY,River Thame Catchment Partnership,https://riverthame.org/thame-partnership/,"84",Thame,Thames,Thames,West Thames,-0.928201297690422,51.7671178245286,682159949.97995,158742.332635635,SEWAGE DISCHARGES - NOT WATER COMPANY,./0.png
-0.693339221752507,51.7939945434666,"128","9550","1","9550",http://environment.data.gov.uk/water-quality/id/sampling-point/TH-PGWE0591,CROWS NEST RESTAURANT STW :BUCKLAND,CROWS NEST RESTAURANT STW :BUCKLAND,"490210","211400",51.793981,-0.693357,TH-PGWE0591,West Thames,L&W NORTH - WT,open,SEWAGE DISCHARGES - FINAL/TREATED EFFLUENT - NOT WATER COMPANY,River Thame Catchment Partnership,https://riverthame.org/thame-partnership/,"84",Thame,Thames,Thames,West Thames,-0.928201297690422,51.7671178245286,682159949.97995,158742.332635635,SEWAGE DISCHARGES - NOT WATER COMPANY,./0.png
-0.684032388648454,51.8048787728135,"129","9734","1","9734",http://environment.data.gov.uk/water-quality/id/sampling-point/TH-PGWU2017,DRAYTON BEAUCHAMP SPRING,DRAYTON BEAUCHAMP SPRING,"490830","212622",51.804865,-0.68405,TH-PGWU2017,West Thames,L&W NORTH - WT,open,GROUNDWATER - BOREHOLE,River Thame Catchment Partnership,https://riverthame.org/thame-partnership/,"84",Thame,Thames,Thames,West Thames,-0.928201297690422,51.7671178245286,682159949.97995,158742.332635635,GROUNDWATER,./0.png
-0.658113010643964,51.8132000089416,"130","10381","1","10381",http://environment.data.gov.uk/water-quality/id/sampling-point/TH-PTAR0137,G.U.C. ( WENDOVER ARM ) 250M BELOW TRING,G.U.C. ( WENDOVER ARM ) 250M BELOW TRING STW,"492600","213580",51.813186,-0.658131,TH-PTAR0137,West Thames,L&W NORTH - WT,open,FRESHWATER - UNSPECIFIED,River Thame Catchment Partnership,https://riverthame.org/thame-partnership/,"84",Thame,Thames,Thames,West Thames,-0.928201297690422,51.7671178245286,682159949.97995,158742.332635635,FRESHWATER,./0.png
-0.685125898119862,51.821633269795,"131","10516","1","10516",http://environment.data.gov.uk/water-quality/id/sampling-point/TH-PGWE0723,"DIXONS WHARF STW, WILSTONE","DIXONS WHARF STW, WILSTONE","490721","214484",51.821619,-0.685144,TH-PGWE0723,West Thames,L&W NORTH - WT,open,SEWAGE DISCHARGES - FINAL/TREATED EFFLUENT - NOT WATER COMPANY,River Thame Catchment Partnership,https://riverthame.org/thame-partnership/,"84",Thame,Thames,Thames,West Thames,-0.928201297690422,51.7671178245286,682159949.97995,158742.332635635,SEWAGE DISCHARGES - NOT WATER COMPANY,./0.png
-0.721044240472806,51.8557203416535,"132","11190","1","11190",http://environment.data.gov.uk/water-quality/id/sampling-point/TH-RSN1674,WINGRAVE,RSN1674 WINGRAVE,"488179","218231",51.855706,-0.721061,TH-RSN1674,West Thames,L&W NORTH - WT,open,FRESHWATER - RIVERS,River Thame Catchment Partnership,https://riverthame.org/thame-partnership/,"84",Thame,Thames,Thames,West Thames,-0.928201297690422,51.7671178245286,682159949.97995,158742.332635635,FRESHWATER,./0.png
-0.69674565254585,51.7814437311972,"133","11285","1","11285",http://environment.data.gov.uk/water-quality/id/sampling-point/AN-MISCSP91,MISC.10KM SQ TRING..................SP91,MISC.10KM SQ TRING..................SP91,"490000","210000",51.78143,-0.696764,AN-MISCSP91,Cambridgeshire and Bedfordshire,UNKNOWN (CENTRAL),open,POLLUTION/INVESTIGATION POINTS - ENVIRONMENT,River Thame Catchment Partnership,https://riverthame.org/thame-partnership/,"84",Thame,Thames,Thames,West Thames,-0.928201297690422,51.7671178245286,682159949.97995,158742.332635635,POLLUTION/INVESTIGATION POINTS,./0.png
-0.9826802519105,51.6269826938978,"134","10076","1","10076",http://environment.data.gov.uk/water-quality/id/sampling-point/TH-PGWE0626,WATLINGTON HOUSE STW :WATLINGTON,WATLINGTON HOUSE STW :WATLINGTON,"470515","192508",51.626973,-0.982694,TH-PGWE0626,West Thames,L&W NORTH - WT,open,SEWAGE DISCHARGES - FINAL/TREATED EFFLUENT - NOT WATER COMPANY,River Thame Catchment Partnership,https://riverthame.org/thame-partnership/,"84",Thame,Thames,Thames,West Thames,-0.928201297690422,51.7671178245286,682159949.97995,158742.332635635,SEWAGE DISCHARGES - NOT WATER COMPANY,./0.png
-1.00834967928381,51.8223548483553,"135","8286","1","8286",http://environment.data.gov.uk/water-quality/id/sampling-point/TH-PTAE0025,DORTON STW,DORTON STW,"468443","214212",51.822342,-1.008364,TH-PTAE0025,West Thames,L&W NORTH - WT,open,SEWAGE DISCHARGES - FINAL/TREATED EFFLUENT - WATER COMPANY,River Thame Catchment Partnership,https://riverthame.org/thame-partnership/,"84",Thame,Thames,Thames,West Thames,-0.928201297690422,51.7671178245286,682159949.97995,158742.332635635,SEWAGE DISCHARGES - WATER COMPANY,./0.png
-0.93876568335152,51.8401622524189,"136","8774","1","8774",http://environment.data.gov.uk/water-quality/id/sampling-point/TH-PCHE0126,WADDESDON MANOR STW :WADDESDON,WADDESDON MANOR STW :WADDESDON,"473210","216260",51.840149,-0.93878,TH-PCHE0126,West Thames,L&W NORTH - WT,open,SEWAGE DISCHARGES - FINAL/TREATED EFFLUENT - NOT WATER COMPANY,River Thame Catchment Partnership,https://riverthame.org/thame-partnership/,"84",Thame,Thames,Thames,West Thames,-0.928201297690422,51.7671178245286,682159949.97995,158742.332635635,SEWAGE DISCHARGES - NOT WATER COMPANY,./0.png
